variant,chunking_method,variant_id,chunk_index,chunk_text
dense_prose,html,dense_prose__html,0,"For small in-house SEO teams, choosing the right tools is less about accumulating the most features and more about selecting software that supports clarity, speed, and collaboration. These teams rarely have the luxury of dedicated specialists for each sub-discipline of SEO, so their tools must bridge gaps, not deepen them. Whether managing technical health, keyword research, or reporting workflows, the best tools act as multipliers of insight—not burdens of complexity. And crucially, they must fit into lean budgets without becoming bottlenecks to progress."
dense_prose,html,dense_prose__html,1,"In this environment, all-in-one tools become tempting, but caution is warranted. Tools that promise to do everything often underperform in specific areas. For example, a platform strong in rank tracking might falter in site crawling, or one that excels in backlink data might lack the nuance to inform on-page changes. The best approach is to combine one or two reliable generalist platforms with a few focused, specialist tools that complement gaps in coverage. Small teams benefit most from tools that provide actionable insights quickly, rather than dashboards that need constant interpretation or configuration. The goal isn't feature parity with agencies or large enterprises, but consistent utility."
dense_prose,html,dense_prose__html,2,"Another consideration is learning curve. Tools that require weeks to understand or set up are likely to stagnate. Small teams often juggle SEO alongside other marketing responsibilities, so SEO tooling must be intuitive, with shallow onboarding and responsive support. Time to value should be fast. That means clear interfaces, accessible documentation, and integrations with the systems already in use—whether that's Slack, Sheets, or project management platforms like Asana or Trello. A tool that plays well with the broader marketing tech stack extends its reach without increasing its weight."
dense_prose,html,dense_prose__html,3,"Reporting is another pressure point. The right tools streamline reporting by exporting clean data, automating scheduled delivery, or offering easy-to-share links with filters already applied. For many in-house stakeholders, the visibility of progress matters as much as the progress itself. Tools that allow SEOs to translate metrics into narratives—especially for audiences less familiar with impressions or crawl rates—hold more value than those that merely surface raw figures. The capacity to annotate, explain, and summarise results without wrestling with third-party plugins or convoluted exports becomes a vital asset."
dense_prose,html,dense_prose__html,4,"Lastly, consider support and updates. Small in-house teams can't afford to babysit tools that break silently or lag behind algorithmic shifts. Vendors with good communication practices—transparent changelogs, clear roadmaps, responsive customer service—are worth more than those who disappear after the contract is signed. The best tools are not just products but partnerships. And for small teams, choosing partners who understand the rhythm and limits of in-house work can make the difference between a tool that empowers and one that drains."
structured_content,html,structured_content__html,0,"Choosing SEO Tools for Small In-House Teams Prioritizing Clarity, Speed, and Collaboration"
structured_content,html,structured_content__html,1,"For small in-house SEO teams, choosing the right tools is less about accumulating the most features and more about selecting software that supports clarity, speed, and collaboration. These teams rarely have the luxury of dedicated specialists for each sub-discipline of SEO, so their tools must bridge gaps, not deepen them. Whether managing technical health, keyword research, or reporting workflows, the best tools act as multipliers of insight—not burdens of complexity. And crucially, they must fit into lean budgets without becoming bottlenecks to progress."
structured_content,html,structured_content__html,2,"The Balance Between All-in-One and Specialist Tools In this environment, all-in-one tools become tempting, but caution is warranted. Tools that promise to do everything often underperform in specific areas. For example: A platform strong in rank tracking might falter in site crawling. One that excels in backlink data might lack the nuance to inform on-page changes."
structured_content,html,structured_content__html,3,"The best approach is to combine one or two reliable generalist platforms with a few focused, specialist tools that complement gaps in coverage. Small teams benefit most from tools that provide actionable insights quickly, rather than dashboards that need constant interpretation or configuration. The goal isn't feature parity with agencies or large enterprises, but consistent utility. Importance of Learning Curve and Integration"
structured_content,html,structured_content__html,4,"Another consideration is learning curve. Tools that require weeks to understand or set up are likely to stagnate. Small teams often juggle SEO alongside other marketing responsibilities, so SEO tooling must be intuitive, with shallow onboarding and responsive support. Time to value should be fast. That means: Integrations with existing systems (Slack, Sheets, Asana, Trello) A tool that plays well with the broader marketing tech stack extends its reach without increasing its weight."
structured_content,html,structured_content__html,5,Reporting is another pressure point. The right tools streamline reporting by: Exporting clean data Automating scheduled delivery Offering easy-to-share links with filters already applied
structured_content,html,structured_content__html,6,"For many in-house stakeholders, the visibility of progress matters as much as the progress itself. Tools that allow SEOs to translate metrics into narratives—especially for audiences less familiar with impressions or crawl rates—hold more value than those that merely surface raw figures. The capacity to annotate, explain, and summarise results without wrestling with third-party plugins or convoluted exports becomes a vital asset. Evaluating Support and Updates"
structured_content,html,structured_content__html,7,"Lastly, consider support and updates. Small in-house teams can't afford to babysit tools that break silently or lag behind algorithmic shifts. Vendors with good communication practices, including: Responsive customer service are worth more than those who disappear after the contract is signed. The best tools are not just products but partnerships. And for small teams, choosing partners who understand the rhythm and limits of in-house work can make the difference between a tool that empowers and one that drains."
q_and_a,html,q_and_a__html,0,SEO Tool Selection for Small In-House Teams: Q&A What should small SEO teams prioritize when choosing tools?
q_and_a,html,q_and_a__html,1,"For small in-house SEO teams, choosing the right tools is less about accumulating the most features and more about selecting software that supports clarity, speed, and collaboration. These teams rarely have the luxury of dedicated specialists for each sub-discipline of SEO, so their tools must bridge gaps, not deepen them. Whether managing technical health, keyword research, or reporting workflows, the best tools act as multipliers of insight—not burdens of complexity. And crucially, they must fit into lean budgets without becoming bottlenecks to progress."
q_and_a,html,q_and_a__html,2,Are all-in-one SEO tools ideal for small teams?
q_and_a,html,q_and_a__html,3,"All-in-one tools become tempting in small team environments, but caution is warranted. Tools that promise to do everything often underperform in specific areas. For example, a platform strong in rank tracking might falter in site crawling, or one that excels in backlink data might lack the nuance to inform on-page changes. The best approach is combining one or two reliable generalist platforms with a few focused, specialist tools that complement gaps in coverage. Small teams benefit most from tools that provide actionable insights quickly, rather than dashboards that need constant interpretation or configuration. The goal isn't feature parity with agencies or large enterprises, but consistent utility."
q_and_a,html,q_and_a__html,4,How important is ease-of-use for small SEO teams?
q_and_a,html,q_and_a__html,5,"Ease-of-use is critical because tools requiring weeks to understand or set up are likely to stagnate. Small teams often juggle SEO alongside other marketing responsibilities, so SEO tooling must be intuitive, with shallow onboarding and responsive support. Time to value should be fast, including clear interfaces, accessible documentation, and integrations with systems already in use, such as Slack, Sheets, or project management platforms like Asana or Trello. A tool that integrates seamlessly with the broader marketing tech stack extends its reach without increasing its weight."
q_and_a,html,q_and_a__html,6,What features should SEO reporting tools have for small teams?
q_and_a,html,q_and_a__html,7,"Reporting is a significant pressure point. Ideal tools streamline reporting by exporting clean data, automating scheduled delivery, or offering easy-to-share links with filters already applied. For many in-house stakeholders, the visibility of progress matters as much as the progress itself. Tools that allow SEOs to translate metrics into narratives—especially for audiences less familiar with impressions or crawl rates—hold more value than those merely presenting raw figures. The ability to annotate, explain, and summarise results without wrestling with third-party plugins or convoluted exports becomes a vital asset."
q_and_a,html,q_and_a__html,8,Why are support and regular updates crucial in SEO tools?
q_and_a,html,q_and_a__html,9,"Small in-house teams can't afford to babysit tools that break silently or lag behind algorithmic shifts. Vendors with strong communication practices—such as transparent changelogs, clear roadmaps, and responsive customer service—are worth more than those who disappear after the contract is signed. The best tools are not just products but partnerships. Choosing partners who understand the rhythm and limits of in-house work can make the difference between a tool that empowers and one that drains."
dense_prose,tokens,dense_prose__tokens,0,"For small in-house SEO teams, choosing the right tools is less about accumulating the most features and more about selecting software that supports clarity, speed, and collaboration. These teams rarely have the luxury of dedicated specialists for each sub-discipline of SEO, so their tools must bridge gaps, not deepen them. Whether managing technical health, keyword research, or reporting workflows, the best tools act as multipliers of insight—not burdens of complexity. And crucially, they must fit into lean budgets without becoming bottlene"
dense_prose,tokens,dense_prose__tokens,1," insight—not burdens of complexity. And crucially, they must fit into lean budgets without becoming bottlenecks to progress. In this environment, all-in-one tools become tempting, but caution is warranted. Tools that promise to do everything often underperform in specific areas. For example, a platform strong in rank tracking might falter in site crawling, or one that excels in backlink data might lack the nuance to inform on-page changes. The best approach is to combine one or two reliable general"
dense_prose,tokens,dense_prose__tokens,2," the nuance to inform on-page changes. The best approach is to combine one or two reliable generalist platforms with a few focused, specialist tools that complement gaps in coverage. Small teams benefit most from tools that provide actionable insights quickly, rather than dashboards that need constant interpretation or configuration. The goal isn't feature parity with agencies or large enterprises, but consistent utility. Another consideration is learning curve. Tools that require weeks to understand or set up are likely to stagnate. Small teams often juggle"
dense_prose,tokens,dense_prose__tokens,3," Tools that require weeks to understand or set up are likely to stagnate. Small teams often juggle SEO alongside other marketing responsibilities, so SEO tooling must be intuitive, with shallow onboarding and responsive support. Time to value should be fast. That means clear interfaces, accessible documentation, and integrations with the systems already in use—whether that's Slack, Sheets, or project management platforms like Asana or Trello. A tool that plays well with the broader marketing tech stack extends its reach without"
dense_prose,tokens,dense_prose__tokens,4,"ana or Trello. A tool that plays well with the broader marketing tech stack extends its reach without increasing its weight. Reporting is another pressure point. The right tools streamline reporting by exporting clean data, automating scheduled delivery, or offering easy-to-share links with filters already applied. For many in-house stakeholders, the visibility of progress matters as much as the progress itself. Tools that allow SEOs to translate metrics into narratives—especially for audiences less familiar with impressions or crawl rates—hold more value than"
dense_prose,tokens,dense_prose__tokens,5," translate metrics into narratives—especially for audiences less familiar with impressions or crawl rates—hold more value than those that merely surface raw figures. The capacity to annotate, explain, and summarise results without wrestling with third-party plugins or convoluted exports becomes a vital asset. Lastly, consider support and updates. Small in-house teams can't afford to babysit tools that break silently or lag behind algorithmic shifts. Vendors with good communication practices—transparent changelogs, clear roadmaps, responsive customer"
dense_prose,tokens,dense_prose__tokens,6," shifts. Vendors with good communication practices—transparent changelogs, clear roadmaps, responsive customer service—are worth more than those who disappear after the contract is signed. The best tools are not just products but partnerships. And for small teams, choosing partners who understand the rhythm and limits of in-house work can make the difference between a tool that empowers and one that drains."
structured_content,tokens,structured_content__tokens,0,"Choosing SEO Tools for Small In-House Teams Prioritizing Clarity, Speed, and Collaboration For small in-house SEO teams, choosing the right tools is less about accumulating the most features and more about selecting software that supports clarity, speed, and collaboration. These teams rarely have the luxury of dedicated specialists for each sub-discipline of SEO, so their tools must bridge gaps, not deepen them. Whether managing technical health, keyword research, or reporting workflows, the best tools act as multipliers of insight"
structured_content,tokens,structured_content__tokens,1," managing technical health, keyword research, or reporting workflows, the best tools act as multipliers of insight—not burdens of complexity. And crucially, they must fit into lean budgets without becoming bottlenecks to progress. The Balance Between All-in-One and Specialist Tools In this environment, all-in-one tools become tempting, but caution is warranted. Tools that promise to do everything often underperform in specific areas. For example: A platform strong in rank tracking might falter in site crawling. One that exc"
structured_content,tokens,structured_content__tokens,2,". For example: A platform strong in rank tracking might falter in site crawling. One that excels in backlink data might lack the nuance to inform on-page changes. The best approach is to combine one or two reliable generalist platforms with a few focused, specialist tools that complement gaps in coverage. Small teams benefit most from tools that provide actionable insights quickly, rather than dashboards that need constant interpretation or configuration. The goal isn't feature parity with agencies or large enterprises, but consistent utility"
structured_content,tokens,structured_content__tokens,3," constant interpretation or configuration. The goal isn't feature parity with agencies or large enterprises, but consistent utility. Importance of Learning Curve and Integration Another consideration is learning curve. Tools that require weeks to understand or set up are likely to stagnate. Small teams often juggle SEO alongside other marketing responsibilities, so SEO tooling must be intuitive, with shallow onboarding and responsive support. Time to value should be fast. That means: Clear interfaces Accessible documentation Integrations with existing systems (Slack, Sheets"
structured_content,tokens,structured_content__tokens,4," fast. That means: Clear interfaces Accessible documentation Integrations with existing systems (Slack, Sheets, Asana, Trello) A tool that plays well with the broader marketing tech stack extends its reach without increasing its weight. Streamlining Reporting Reporting is another pressure point. The right tools streamline reporting by: Exporting clean data Automating scheduled delivery Offering easy-to-share links with filters already applied For many in-house stakeholders, the visibility of progress matters as much as the progress itself. Tools that allow"
structured_content,tokens,structured_content__tokens,5," many in-house stakeholders, the visibility of progress matters as much as the progress itself. Tools that allow SEOs to translate metrics into narratives—especially for audiences less familiar with impressions or crawl rates—hold more value than those that merely surface raw figures. The capacity to annotate, explain, and summarise results without wrestling with third-party plugins or convoluted exports becomes a vital asset. Evaluating Support and Updates Lastly, consider support and updates. Small in-house teams can't afford to babysit tools"
structured_content,tokens,structured_content__tokens,6," and Updates Lastly, consider support and updates. Small in-house teams can't afford to babysit tools that break silently or lag behind algorithmic shifts. Vendors with good communication practices, including: Transparent changelogs Clear roadmaps Responsive customer service are worth more than those who disappear after the contract is signed. The best tools are not just products but partnerships. And for small teams, choosing partners who understand the rhythm and limits of in-house work can make the difference between a tool that empowers and"
structured_content,tokens,structured_content__tokens,7, understand the rhythm and limits of in-house work can make the difference between a tool that empowers and one that drains.
q_and_a,tokens,q_and_a__tokens,0,"SEO Tool Selection for Small In-House Teams: Q&A What should small SEO teams prioritize when choosing tools? For small in-house SEO teams, choosing the right tools is less about accumulating the most features and more about selecting software that supports clarity, speed, and collaboration. These teams rarely have the luxury of dedicated specialists for each sub-discipline of SEO, so their tools must bridge gaps, not deepen them. Whether managing technical health, keyword research, or reporting workflows, the best tools act as multi"
q_and_a,tokens,q_and_a__tokens,1," them. Whether managing technical health, keyword research, or reporting workflows, the best tools act as multipliers of insight—not burdens of complexity. And crucially, they must fit into lean budgets without becoming bottlenecks to progress. Are all-in-one SEO tools ideal for small teams? All-in-one tools become tempting in small team environments, but caution is warranted. Tools that promise to do everything often underperform in specific areas. For example, a platform strong in rank tracking might falter in site"
q_and_a,tokens,q_and_a__tokens,2," underperform in specific areas. For example, a platform strong in rank tracking might falter in site crawling, or one that excels in backlink data might lack the nuance to inform on-page changes. The best approach is combining one or two reliable generalist platforms with a few focused, specialist tools that complement gaps in coverage. Small teams benefit most from tools that provide actionable insights quickly, rather than dashboards that need constant interpretation or configuration. The goal isn't feature parity with agencies or large"
q_and_a,tokens,q_and_a__tokens,3," than dashboards that need constant interpretation or configuration. The goal isn't feature parity with agencies or large enterprises, but consistent utility. How important is ease-of-use for small SEO teams? Ease-of-use is critical because tools requiring weeks to understand or set up are likely to stagnate. Small teams often juggle SEO alongside other marketing responsibilities, so SEO tooling must be intuitive, with shallow onboarding and responsive support. Time to value should be fast, including clear interfaces, accessible documentation, and integr"
q_and_a,tokens,q_and_a__tokens,4," and responsive support. Time to value should be fast, including clear interfaces, accessible documentation, and integrations with systems already in use, such as Slack, Sheets, or project management platforms like Asana or Trello. A tool that integrates seamlessly with the broader marketing tech stack extends its reach without increasing its weight. What features should SEO reporting tools have for small teams? Reporting is a significant pressure point. Ideal tools streamline reporting by exporting clean data, automating scheduled delivery, or offering easy-to-share"
q_and_a,tokens,q_and_a__tokens,5,". Ideal tools streamline reporting by exporting clean data, automating scheduled delivery, or offering easy-to-share links with filters already applied. For many in-house stakeholders, the visibility of progress matters as much as the progress itself. Tools that allow SEOs to translate metrics into narratives—especially for audiences less familiar with impressions or crawl rates—hold more value than those merely presenting raw figures. The ability to annotate, explain, and summarise results without wrestling with third-party plugins or convoluted exports becomes a"
q_and_a,tokens,q_and_a__tokens,6,", explain, and summarise results without wrestling with third-party plugins or convoluted exports becomes a vital asset. Why are support and regular updates crucial in SEO tools? Small in-house teams can't afford to babysit tools that break silently or lag behind algorithmic shifts. Vendors with strong communication practices—such as transparent changelogs, clear roadmaps, and responsive customer service—are worth more than those who disappear after the contract is signed. The best tools are not just products but partnerships."
q_and_a,tokens,q_and_a__tokens,7, than those who disappear after the contract is signed. The best tools are not just products but partnerships. Choosing partners who understand the rhythm and limits of in-house work can make the difference between a tool that empowers and one that drains.
dense_prose,recursive,dense_prose__recursive,0,"For small in-house SEO teams, choosing the right tools is less about accumulating the most features and more about selecting software that supports clarity, speed, and collaboration. These teams rarely have the luxury of dedicated specialists for each sub-discipline of SEO, so their tools must bridge gaps, not deepen them. Whether managing technical health, keyword research, or reporting workflows, the best tools act as multipliers of insight—not burdens of complexity. And crucially, they must fit into lean budgets without becoming bottlene"
dense_prose,recursive,dense_prose__recursive,1," insight—not burdens of complexity. And crucially, they must fit into lean budgets without becoming bottlenecks to progress."
dense_prose,recursive,dense_prose__recursive,2,"In this environment, all-in-one tools become tempting, but caution is warranted. Tools that promise to do everything often underperform in specific areas. For example, a platform strong in rank tracking might falter in site crawling, or one that excels in backlink data might lack the nuance to inform on-page changes. The best approach is to combine one or two reliable generalist platforms with a few focused, specialist tools that complement gaps in coverage. Small teams benefit most from tools that provide actionable"
dense_prose,recursive,dense_prose__recursive,3," few focused, specialist tools that complement gaps in coverage. Small teams benefit most from tools that provide actionable insights quickly, rather than dashboards that need constant interpretation or configuration. The goal isn't feature parity with agencies or large enterprises, but consistent utility."
dense_prose,recursive,dense_prose__recursive,4,"Another consideration is learning curve. Tools that require weeks to understand or set up are likely to stagnate. Small teams often juggle SEO alongside other marketing responsibilities, so SEO tooling must be intuitive, with shallow onboarding and responsive support. Time to value should be fast. That means clear interfaces, accessible documentation, and integrations with the systems already in use—whether that's Slack, Sheets, or project management platforms like Asana or Trello. A tool that plays well with the broader marketing"
dense_prose,recursive,dense_prose__recursive,5, or project management platforms like Asana or Trello. A tool that plays well with the broader marketing tech stack extends its reach without increasing its weight.
dense_prose,recursive,dense_prose__recursive,6,"Reporting is another pressure point. The right tools streamline reporting by exporting clean data, automating scheduled delivery, or offering easy-to-share links with filters already applied. For many in-house stakeholders, the visibility of progress matters as much as the progress itself. Tools that allow SEOs to translate metrics into narratives—especially for audiences less familiar with impressions or crawl rates—hold more value than those that merely surface raw figures. The capacity to annotate, explain, and summarise results without wrestling with third-party plugins"
dense_prose,recursive,dense_prose__recursive,7," raw figures. The capacity to annotate, explain, and summarise results without wrestling with third-party plugins or convoluted exports becomes a vital asset."
dense_prose,recursive,dense_prose__recursive,8,"Lastly, consider support and updates. Small in-house teams can't afford to babysit tools that break silently or lag behind algorithmic shifts. Vendors with good communication practices—transparent changelogs, clear roadmaps, responsive customer service—are worth more than those who disappear after the contract is signed. The best tools are not just products but partnerships. And for small teams, choosing partners who understand the rhythm and limits of in-house work can make the difference between a tool that empowers and one that"
dense_prose,recursive,dense_prose__recursive,9, rhythm and limits of in-house work can make the difference between a tool that empowers and one that drains.
structured_content,recursive,structured_content__recursive,0,Choosing SEO Tools for Small In-House Teams
structured_content,recursive,structured_content__recursive,1,"Prioritizing Clarity, Speed, and Collaboration"
structured_content,recursive,structured_content__recursive,2,"For small in-house SEO teams, choosing the right tools is less about accumulating the most features and more about selecting software that supports clarity, speed, and collaboration. These teams rarely have the luxury of dedicated specialists for each sub-discipline of SEO, so their tools must bridge gaps, not deepen them. Whether managing technical health, keyword research, or reporting workflows, the best tools act as multipliers of insight—not burdens of complexity. And crucially, they must fit into lean budgets without becoming bottlene"
structured_content,recursive,structured_content__recursive,3," insight—not burdens of complexity. And crucially, they must fit into lean budgets without becoming bottlenecks to progress."
structured_content,recursive,structured_content__recursive,4,The Balance Between All-in-One and Specialist Tools
structured_content,recursive,structured_content__recursive,5,"In this environment, all-in-one tools become tempting, but caution is warranted. Tools that promise to do everything often underperform in specific areas. For example:"
structured_content,recursive,structured_content__recursive,6,A platform strong in rank tracking might falter in site crawling.
structured_content,recursive,structured_content__recursive,7,One that excels in backlink data might lack the nuance to inform on-page changes.
structured_content,recursive,structured_content__recursive,8,"The best approach is to combine one or two reliable generalist platforms with a few focused, specialist tools that complement gaps in coverage. Small teams benefit most from tools that provide actionable insights quickly, rather than dashboards that need constant interpretation or configuration. The goal isn't feature parity with agencies or large enterprises, but consistent utility."
structured_content,recursive,structured_content__recursive,9,Importance of Learning Curve and Integration
structured_content,recursive,structured_content__recursive,10,"Another consideration is learning curve. Tools that require weeks to understand or set up are likely to stagnate. Small teams often juggle SEO alongside other marketing responsibilities, so SEO tooling must be intuitive, with shallow onboarding and responsive support. Time to value should be fast. That means:"
structured_content,recursive,structured_content__recursive,11,"Integrations with existing systems (Slack, Sheets, Asana, Trello)"
structured_content,recursive,structured_content__recursive,12,A tool that plays well with the broader marketing tech stack extends its reach without increasing its weight.
structured_content,recursive,structured_content__recursive,13,Reporting is another pressure point. The right tools streamline reporting by:
structured_content,recursive,structured_content__recursive,14,Exporting clean data
structured_content,recursive,structured_content__recursive,15,Automating scheduled delivery
structured_content,recursive,structured_content__recursive,16,Offering easy-to-share links with filters already applied
structured_content,recursive,structured_content__recursive,17,"For many in-house stakeholders, the visibility of progress matters as much as the progress itself. Tools that allow SEOs to translate metrics into narratives—especially for audiences less familiar with impressions or crawl rates—hold more value than those that merely surface raw figures. The capacity to annotate, explain, and summarise results without wrestling with third-party plugins or convoluted exports becomes a vital asset."
structured_content,recursive,structured_content__recursive,18,Evaluating Support and Updates
structured_content,recursive,structured_content__recursive,19,"Lastly, consider support and updates. Small in-house teams can't afford to babysit tools that break silently or lag behind algorithmic shifts. Vendors with good communication practices, including:"
structured_content,recursive,structured_content__recursive,20,Responsive customer service
structured_content,recursive,structured_content__recursive,21,"are worth more than those who disappear after the contract is signed. The best tools are not just products but partnerships. And for small teams, choosing partners who understand the rhythm and limits of in-house work can make the difference between a tool that empowers and one that drains."
q_and_a,recursive,q_and_a__recursive,0,SEO Tool Selection for Small In-House Teams: Q&A
q_and_a,recursive,q_and_a__recursive,1,What should small SEO teams prioritize when choosing tools?
q_and_a,recursive,q_and_a__recursive,2,"For small in-house SEO teams, choosing the right tools is less about accumulating the most features and more about selecting software that supports clarity, speed, and collaboration. These teams rarely have the luxury of dedicated specialists for each sub-discipline of SEO, so their tools must bridge gaps, not deepen them. Whether managing technical health, keyword research, or reporting workflows, the best tools act as multipliers of insight—not burdens of complexity. And crucially, they must fit into lean budgets without becoming bottlene"
q_and_a,recursive,q_and_a__recursive,3," insight—not burdens of complexity. And crucially, they must fit into lean budgets without becoming bottlenecks to progress."
q_and_a,recursive,q_and_a__recursive,4,Are all-in-one SEO tools ideal for small teams?
q_and_a,recursive,q_and_a__recursive,5,"All-in-one tools become tempting in small team environments, but caution is warranted. Tools that promise to do everything often underperform in specific areas. For example, a platform strong in rank tracking might falter in site crawling, or one that excels in backlink data might lack the nuance to inform on-page changes. The best approach is combining one or two reliable generalist platforms with a few focused, specialist tools that complement gaps in coverage. Small teams benefit most from tools that provide actionable insights"
q_and_a,recursive,q_and_a__recursive,6," focused, specialist tools that complement gaps in coverage. Small teams benefit most from tools that provide actionable insights quickly, rather than dashboards that need constant interpretation or configuration. The goal isn't feature parity with agencies or large enterprises, but consistent utility."
q_and_a,recursive,q_and_a__recursive,7,How important is ease-of-use for small SEO teams?
q_and_a,recursive,q_and_a__recursive,8,"Ease-of-use is critical because tools requiring weeks to understand or set up are likely to stagnate. Small teams often juggle SEO alongside other marketing responsibilities, so SEO tooling must be intuitive, with shallow onboarding and responsive support. Time to value should be fast, including clear interfaces, accessible documentation, and integrations with systems already in use, such as Slack, Sheets, or project management platforms like Asana or Trello. A tool that integrates seamlessly with the broader marketing tech stack extends its"
q_and_a,recursive,q_and_a__recursive,9, like Asana or Trello. A tool that integrates seamlessly with the broader marketing tech stack extends its reach without increasing its weight.
q_and_a,recursive,q_and_a__recursive,10,What features should SEO reporting tools have for small teams?
q_and_a,recursive,q_and_a__recursive,11,"Reporting is a significant pressure point. Ideal tools streamline reporting by exporting clean data, automating scheduled delivery, or offering easy-to-share links with filters already applied. For many in-house stakeholders, the visibility of progress matters as much as the progress itself. Tools that allow SEOs to translate metrics into narratives—especially for audiences less familiar with impressions or crawl rates—hold more value than those merely presenting raw figures. The ability to annotate, explain, and summarise results without wrestling with third-party plugins or"
q_and_a,recursive,q_and_a__recursive,12," figures. The ability to annotate, explain, and summarise results without wrestling with third-party plugins or convoluted exports becomes a vital asset."
q_and_a,recursive,q_and_a__recursive,13,Why are support and regular updates crucial in SEO tools?
q_and_a,recursive,q_and_a__recursive,14,"Small in-house teams can't afford to babysit tools that break silently or lag behind algorithmic shifts. Vendors with strong communication practices—such as transparent changelogs, clear roadmaps, and responsive customer service—are worth more than those who disappear after the contract is signed. The best tools are not just products but partnerships. Choosing partners who understand the rhythm and limits of in-house work can make the difference between a tool that empowers and one that drains."
dense_prose,semantic,dense_prose__semantic,0,"For small in-house SEO teams, choosing the right tools is less about accumulating the most features and more about selecting software that supports clarity, speed, and collaboration. These teams rarely have the luxury of dedicated specialists for each sub-discipline of SEO, so their tools must bridge gaps, not deepen them."
dense_prose,semantic,dense_prose__semantic,1," Whether managing technical health, keyword research, or reporting workflows, the best tools act as multipliers of insight—not burdens of complexity. And crucially, they must fit into lean budgets without becoming bottlenecks to progress."
dense_prose,semantic,dense_prose__semantic,2,"In this environment, all-in-one tools become tempting, but caution is warranted."
dense_prose,semantic,dense_prose__semantic,3," Tools that promise to do everything often underperform in specific areas. For example, a platform strong in rank tracking might falter in site crawling, or one that excels in backlink data might lack the nuance to inform on-page changes. The best approach is to combine one or two reliable generalist platforms with a few focused, specialist tools that complement gaps in coverage. Small teams benefit most from tools that provide actionable insights quickly, rather than dashboards that need constant interpretation or configuration."
dense_prose,semantic,dense_prose__semantic,4," The goal isn't feature parity with agencies or large enterprises, but consistent utility."
dense_prose,semantic,dense_prose__semantic,5,Another consideration is learning curve.
dense_prose,semantic,dense_prose__semantic,6," Tools that require weeks to understand or set up are likely to stagnate. Small teams often juggle SEO alongside other marketing responsibilities, so SEO tooling must be intuitive, with shallow onboarding and responsive support. Time to value should be fast."
dense_prose,semantic,dense_prose__semantic,7," That means clear interfaces, accessible documentation, and integrations with the systems already in use—whether that's Slack, Sheets, or project management platforms like Asana or Trello. A tool that plays well with the broader marketing tech stack extends its reach without increasing its weight."
dense_prose,semantic,dense_prose__semantic,8,"Reporting is another pressure point. The right tools streamline reporting by exporting clean data, automating scheduled delivery, or offering easy-to-share links with filters already applied."
dense_prose,semantic,dense_prose__semantic,9," For many in-house stakeholders, the visibility of progress matters as much as the progress itself."
dense_prose,semantic,dense_prose__semantic,10," Tools that allow SEOs to translate metrics into narratives—especially for audiences less familiar with impressions or crawl rates—hold more value than those that merely surface raw figures. The capacity to annotate, explain, and summarise results without wrestling with third-party plugins or convoluted exports becomes a vital asset."
dense_prose,semantic,dense_prose__semantic,11,"Lastly, consider support and updates. Small in-house teams can't afford to babysit tools that break silently or lag behind algorithmic shifts."
dense_prose,semantic,dense_prose__semantic,12," Vendors with good communication practices—transparent changelogs, clear roadmaps, responsive customer service—are worth more than those who disappear after the contract is signed."
dense_prose,semantic,dense_prose__semantic,13," The best tools are not just products but partnerships. And for small teams, choosing partners who understand the rhythm and limits of in-house work can make the difference between a tool that empowers and one that drains."
structured_content,semantic,structured_content__semantic,0,Choosing SEO Tools for Small In-House Teams
structured_content,semantic,structured_content__semantic,1,"Prioritizing Clarity, Speed, and Collaboration"
structured_content,semantic,structured_content__semantic,2,"For small in-house SEO teams, choosing the right tools is less about accumulating the most features and more about selecting software that supports clarity, speed, and collaboration. These teams rarely have the luxury of dedicated specialists for each sub-discipline of SEO, so their tools must bridge gaps, not deepen them."
structured_content,semantic,structured_content__semantic,3," Whether managing technical health, keyword research, or reporting workflows, the best tools act as multipliers of insight—not burdens of complexity. And crucially, they must fit into lean budgets without becoming bottlenecks to progress."
structured_content,semantic,structured_content__semantic,4,The Balance Between All-in-One and Specialist Tools
structured_content,semantic,structured_content__semantic,5,"In this environment, all-in-one tools become tempting, but caution is warranted. Tools that promise to do everything often underperform in specific areas."
structured_content,semantic,structured_content__semantic,6, For example:
structured_content,semantic,structured_content__semantic,7,A platform strong in rank tracking might falter in site crawling.
structured_content,semantic,structured_content__semantic,8,One that excels in backlink data might lack the nuance to inform on-page changes.
structured_content,semantic,structured_content__semantic,9,"The best approach is to combine one or two reliable generalist platforms with a few focused, specialist tools that complement gaps in coverage. Small teams benefit most from tools that provide actionable insights quickly, rather than dashboards that need constant interpretation or configuration."
structured_content,semantic,structured_content__semantic,10," The goal isn't feature parity with agencies or large enterprises, but consistent utility."
structured_content,semantic,structured_content__semantic,11,Importance of Learning Curve and Integration
structured_content,semantic,structured_content__semantic,12,"Another consideration is learning curve. Tools that require weeks to understand or set up are likely to stagnate. Small teams often juggle SEO alongside other marketing responsibilities, so SEO tooling must be intuitive, with shallow onboarding and responsive support. Time to value should be fast."
structured_content,semantic,structured_content__semantic,13, That means:
structured_content,semantic,structured_content__semantic,14,"Integrations with existing systems (Slack, Sheets, Asana, Trello)"
structured_content,semantic,structured_content__semantic,15,A tool that plays well with the broader marketing tech stack extends its reach without increasing its weight.
structured_content,semantic,structured_content__semantic,16,Reporting is another pressure point. The right tools streamline reporting by:
structured_content,semantic,structured_content__semantic,17,Exporting clean data
structured_content,semantic,structured_content__semantic,18,Automating scheduled delivery
structured_content,semantic,structured_content__semantic,19,Offering easy-to-share links with filters already applied
structured_content,semantic,structured_content__semantic,20,"For many in-house stakeholders, the visibility of progress matters as much as the progress itself."
structured_content,semantic,structured_content__semantic,21," Tools that allow SEOs to translate metrics into narratives—especially for audiences less familiar with impressions or crawl rates—hold more value than those that merely surface raw figures. The capacity to annotate, explain, and summarise results without wrestling with third-party plugins or convoluted exports becomes a vital asset."
structured_content,semantic,structured_content__semantic,22,Evaluating Support and Updates
structured_content,semantic,structured_content__semantic,23,"Lastly, consider support and updates. Small in-house teams can't afford to babysit tools that break silently or lag behind algorithmic shifts."
structured_content,semantic,structured_content__semantic,24," Vendors with good communication practices, including:"
structured_content,semantic,structured_content__semantic,25,Responsive customer service
structured_content,semantic,structured_content__semantic,26,are worth more than those who disappear after the contract is signed.
structured_content,semantic,structured_content__semantic,27," The best tools are not just products but partnerships. And for small teams, choosing partners who understand the rhythm and limits of in-house work can make the difference between a tool that empowers and one that drains."
q_and_a,semantic,q_and_a__semantic,0,SEO Tool Selection for Small In-House Teams: Q&A
q_and_a,semantic,q_and_a__semantic,1,What should small SEO teams prioritize when choosing tools?
q_and_a,semantic,q_and_a__semantic,2,"For small in-house SEO teams, choosing the right tools is less about accumulating the most features and more about selecting software that supports clarity, speed, and collaboration. These teams rarely have the luxury of dedicated specialists for each sub-discipline of SEO, so their tools must bridge gaps, not deepen them."
q_and_a,semantic,q_and_a__semantic,3," Whether managing technical health, keyword research, or reporting workflows, the best tools act as multipliers of insight—not burdens of complexity. And crucially, they must fit into lean budgets without becoming bottlenecks to progress."
q_and_a,semantic,q_and_a__semantic,4,Are all-in-one SEO tools ideal for small teams?
q_and_a,semantic,q_and_a__semantic,5,"All-in-one tools become tempting in small team environments, but caution is warranted."
q_and_a,semantic,q_and_a__semantic,6," Tools that promise to do everything often underperform in specific areas. For example, a platform strong in rank tracking might falter in site crawling, or one that excels in backlink data might lack the nuance to inform on-page changes. The best approach is combining one or two reliable generalist platforms with a few focused, specialist tools that complement gaps in coverage. Small teams benefit most from tools that provide actionable insights quickly, rather than dashboards that need constant interpretation or configuration."
q_and_a,semantic,q_and_a__semantic,7," The goal isn't feature parity with agencies or large enterprises, but consistent utility."
q_and_a,semantic,q_and_a__semantic,8,How important is ease-of-use for small SEO teams?
q_and_a,semantic,q_and_a__semantic,9,"Ease-of-use is critical because tools requiring weeks to understand or set up are likely to stagnate. Small teams often juggle SEO alongside other marketing responsibilities, so SEO tooling must be intuitive, with shallow onboarding and responsive support. Time to value should be fast, including clear interfaces, accessible documentation, and integrations with systems already in use, such as Slack, Sheets, or project management platforms like Asana or Trello."
q_and_a,semantic,q_and_a__semantic,10, A tool that integrates seamlessly with the broader marketing tech stack extends its reach without increasing its weight.
q_and_a,semantic,q_and_a__semantic,11,What features should SEO reporting tools have for small teams?
q_and_a,semantic,q_and_a__semantic,12,"Reporting is a significant pressure point. Ideal tools streamline reporting by exporting clean data, automating scheduled delivery, or offering easy-to-share links with filters already applied."
q_and_a,semantic,q_and_a__semantic,13," For many in-house stakeholders, the visibility of progress matters as much as the progress itself."
q_and_a,semantic,q_and_a__semantic,14," Tools that allow SEOs to translate metrics into narratives—especially for audiences less familiar with impressions or crawl rates—hold more value than those merely presenting raw figures. The ability to annotate, explain, and summarise results without wrestling with third-party plugins or convoluted exports becomes a vital asset."
q_and_a,semantic,q_and_a__semantic,15,Why are support and regular updates crucial in SEO tools?
q_and_a,semantic,q_and_a__semantic,16,"Small in-house teams can't afford to babysit tools that break silently or lag behind algorithmic shifts. Vendors with strong communication practices—such as transparent changelogs, clear roadmaps, and responsive customer service—are worth more than those who disappear after the contract is signed. The best tools are not just products but partnerships."
q_and_a,semantic,q_and_a__semantic,17, Choosing partners who understand the rhythm and limits of in-house work can make the difference between a tool that empowers and one that drains.
